{
    "int": {
		"docs" : "<div style='height: 50px'>is the type of 257-bit signed integers. By default, overflow checks are enabled and lead to integer overflow exception.</div>",
        "example_use" : "int"
    },
    "cell": {
		"docs" : "<div style='height: 100px'>is the type of TVM cells. All persistent data in TON Blockchain is stored in trees of cells. Every cell has up to 1023 bits of arbitrary data in it and up to 4 references to other cells. Cells play a role of memory in stack-based TVM. </div>",
        "example_use" : "cell"
    },
	"slice": {
		"docs" : "<div style='height: 100px'>is the type of cell slices. Cell can be transformed to a slice, and then the data bits and references to other cells from the cell can be obtained by loading them from the slice.</div>",
        "example_use" : "slice"
    },
	"builder": {
		"docs" : "<div style='height: 100px'>is the type of cell builders. Data bits and references to other cells can be stored into a builder, and then the builder can be finalized to a new cell.</div>",
        "example_use" : "builder"
    },
	"tuple": {
		"docs" : "<div style='height: 100px'>is the type of TVM tuples. Tuple is an ordered collection of up to 255 components, having arbitrary value types, possibly distinct.</div>",
        "example_use" : "tuple"
    },"cont": {
		"docs" : "<div style='height: 100px'>is the type of TVM continuations. Continuations are used for controlling the flow of TVM program execution. It is rather a low-level object from the perspective of FunC, although somewhat paradoxically quite general. </div>",
        "example_use" : "cont"
    }
}